Partei_kurz:;"Jusos"
Partei_lang:;"Juso Hochschulgruppe"
Partei_Beschreibung:;"Wir sind der Studierendenverband der Jusos an der Uni Duisburg-Essenüåπ Sozialistisch, Feministisch und Internationalistisch"
Partei_URL:;"https://www.instagram.com/jusohsg.ude/"
Partei_Bild:;"data/juso_logo.png"
-1;"Gelb ist keine sch√∂ne Farbe. Rot ist viel besser!"
1;"Runde Fr√ºchte sind am besten!"
1;"Volle Zustimmung!"
0;"Ist uns ziemlich egal."
1;"Ja, Fr√ºchte sollen am Baum bleiben, bis sie reif sind."
1;"Ja, s√º√üe Fr√ºchte sind toll."
1;"Ja, s√º√üe Fr√ºchte sind toll."
1;"Ja, s√º√üe Fr√ºchte sind toll."
1;"Ja, s√º√üe Fr√ºchte sind toll."
1;"Ja, s√º√üe Fr√ºchte sind toll."
1;"Ja, s√º√üe Fr√ºchte sind toll."
1;"Ja, s√º√üe Fr√ºchte sind toll."
1;"Ja, s√º√üe Fr√ºchte sind toll."
1;"Ja, s√º√üe Fr√ºchte sind toll."
1;"Ja, s√º√üe Fr√ºchte sind toll."
1;"Ja, s√º√üe Fr√ºchte sind toll."
1;"Ja, s√º√üe Fr√ºchte sind toll."
1;"Ja, s√º√üe Fr√ºchte sind toll."
1;"Ja, s√º√üe Fr√ºchte sind toll."
#
Partei_kurz:;"GHG"
Partei_lang:;"Gr√ºne Hochschulgruppe"
Partei_Beschreibung:;" "
Partei_URL:;"https://www.instagram.com/ghgunidue/"
Partei_Bild:;"data/ghg_logo.jpeg"
1;"Essen und Trinken sind Grundrechte und sollten auch f√ºr finanziell benachteiligte Studierenden g√ºnstig zu erwerben sein."
1;"Wir wissen, dass gerade die Personen- und Fahrradmitnahme beim alten Semesterticket sehr wichtig f√ºr viele Studierende war, daher werden wir uns daf√ºr einsetzen, dass diese Option wieder verf√ºgbar ist. Zus√§tzlich setzen wir uns dazu ein, dass das Ticket wieder offline verf√ºgbar ist, um erh√∂hte Bef√∂rderungsentgelte zu vermeiden."
0;"Die Inflation macht sich √ºberall bemerkbar und eine leichte Anpassung des Studierendenschaftsbeitrages w√ºrde auch den Fachschaften zu Gute kommen."
0;"Die Universit√§t hat sich in der Vergangenheit schon dazu ge√§u√üert. Die antisemitismuskritische Bildung muss an unserer Universit√§t gest√§rkt werden und das nicht nur bei den Studierenden. Zus√§tzlich kann die Partnerschaft mit israelischen Hochschule ein Zeichen der Solidarit√§t gegen einen enormen Anstieg an Antisemitismus sein."
1;"Ja wir haben uns die letzten Jahre im Studierendenparlament daf√ºr eingesetzt und werden dies auch k√ºnftig unterst√ºtzen."
1;"Pr√ºfungen sind f√ºr die meisten Studierenden Angst- und Stresssituationen. Die Studierenden sollten hier psychisch entlastet werden."
1;"Verbessert die Vereinbarkeit von Studium mit anderen Pflichten wie z.B. Care-Arbeit"
1;"Die Universit√§t sollte hier als Bildungsinstitution ihre Vorbildfunktion einnehmen und versuchen alle Geschlechter in ihre Sprache mit einzubeziehen. Hierf√ºr soll es ein einheitliches Vorgehen geben."
1;"Die Errungenschaft eines deutschlandweitg√ºltigen Studierendentickets ist ein gro√üer Erfolg. Wir setzen uns daf√ºr ein, dass das beibehalten wird."
1;"Menstruationsprodukte sind teuer und Menstruationen sind nicht immer planbar, deswegen sollten die Produkte f√ºr Studierende zur Verf√ºgung gestellt werden"
0;"Eine Evaluation der akduell-Gelder ist sinnvoll, wenn sie die St√§rkung der akduell zum Ziel hat."
-1;"Den Studierenden darf kein Nachteil entstehen wenn sie sich gegen geschlechtergerechte Sprache entscheiden. Die Studierenden sollen dazu bef√§higt werden, sich differenziert mit diesem Thema auseinander zu setzen  und sich auf Grund eigenen Nachdenkens f√ºr eine Sprachvariante entscheiden, statt eine autorit√§re Pflicht einzuf√ºhren, die im Zweifel einen eher negativen Effekt hat."
1;"Das Studierendenparlament sollte sich √∂ffentlichkeitswirksam daf√ºr einsetzen, da die finanzielle Situation in den Studierendenwerken immer mehr unter Druck ger√§t."
1;"Mit dem Bau der neuen Parkh√§user wurden mehr Parkm√∂glichkeiten geschaffen. Deshalb sollten Parkpl√§tze direkt auf den Campus entsiegelt werden um dort Raum und Aufenthaltsm√∂glichkeiten f√ºr Studierende zu schaffen und f√ºr mehr Biodiversit√§t zu sorgen."
0;"Eine Abmeldung bis zu 24 h vor dem Pr√ºfungstermin halten wir f√ºr sinnvoll. Eine Anmeldung bis zu 24 h stellt gro√üe logistische Herausforderungen f√ºr die Universit√§t bzgl Raumplanung etc."
1;"Den Studierenden darf durch die Inflation kein finanzieller Nachteil entstehen."
0;"Der Beitrag f√ºr die Studierendenschaft sollte dann steigen, wenn es n√∂tig ist, um eine schlagkr√§ftige politische Studierendenvertretung zu haben, die auch soziale Angebote an bed√ºrftige Studierende machen kann. Bei einer Erh√∂hung irgendwann in der Zukunft w√ºrde es sich hierbei um einen oder zwei Euro handeln."
1;"Die √ñffnungszeiten sollten die flexible Gestaltung des Studiums widerspiegeln, zus√§tzlich sollte die Uni  als ein Treffpunkt au√üerhalb der Vorlesungen und Seminare nutzbar sein."
-1;"Der AStA hat laut Hochschulgesetz die politische Bildung sowie die F√∂rderung der Bereitschaft zur aktiven Toleranz als Aufgabe und ist schon alleine deswegen angehalten nicht nur strikt hochschulbezogene Themen zu bearbeiten."
#
Partei_kurz:;"SLiDo"
Partei_lang:;"Studi L√∂w - im Denken offen"
Partei_Beschreibung:;"Wir sind Studi L√∂w - im Denken Offen, aber nennt uns einfach SLiDO. Wir bringen Hochschulpolitik wieder n√§her an die Studierenden, und umgekehrt. Wir stehen f√ºr l√∂wenstarke Fachschaften und unterst√ºtzen studentische Projekte."
Partei_URL:;"https://www.instagram.com/slido_ude/"
Partei_Bild:;"data/slido_logo.jpeg"
1;"Gelb ist eindeutig die beste Farbe."
1;"Runde Fr√ºchte haben die beste Form!"
-1;"Die Schale muss nicht mitgegessen werden."
-1;"Spinat ist kein gesundes Essen."
-1;"Fr√ºchte k√∂nnen gern schon fr√ºhzeitig abgenommen werden."
-1;"S√º√üe Fr√ºchte sind f√ºr kleine M√§dchen. Echte M√§nner m√∂gen Zitronen!"
1;"Ja, s√º√üe Fr√ºchte sind toll."
1;"Ja, s√º√üe Fr√ºchte sind toll."
1;"Ja, s√º√üe Fr√ºchte sind toll."
1;"Ja, s√º√üe Fr√ºchte sind toll."
1;"Ja, s√º√üe Fr√ºchte sind toll."
1;"Ja, s√º√üe Fr√ºchte sind toll."
1;"Ja, s√º√üe Fr√ºchte sind toll."
1;"Ja, s√º√üe Fr√ºchte sind toll."
1;"Ja, s√º√üe Fr√ºchte sind toll."
1;"Ja, s√º√üe Fr√ºchte sind toll."
1;"Ja, s√º√üe Fr√ºchte sind toll."
1;"Ja, s√º√üe Fr√ºchte sind toll."
1;"Ja, s√º√üe Fr√ºchte sind toll."
#
Partei_kurz:;"RCDS"
Partei_lang:;"RCDS - studentische Mitte"
Partei_Beschreibung:;"Wir sind der Ring Christlich-Demokratischer Studenten an der Universit√§t Duisburg-Essen. Als Hochschulgruppe setzen wir uns f√ºr eure Anliegen und Interessen an unserer Uni ein. Auch √ºber Duisburg und Essen hinaus sind wir √ºber den Landes- sowie Bundesverband bestens vernetzt um den Hochschulstandort NRW und Deutschland voran zu bringen."
Partei_URL:;"https://rcds-unidue.de/"
Partei_Bild:;"data/rcds_logo.png"
1;"Allgemein sollte das Essen in der Mensa und Cafeteria subventioniert werden. Wir als Studenten zahlen 110‚Ç¨ im Semesterbeitrag an das Studierendenwerk, das Angebot in der Cafeteria und der Mensa sollte dementsprechen auch g√ºnstiger sein als vergleichbare Angebote au√üerhalb."
1;"Die individuelle Mobilit√§t ist uns sehr wichtig. Das Deutschlandticket ist f√ºr viele aufgrund des Wegfalls der Personen- bzw. Fahrradmitnahme ein Downgrade. Daher stehen wir f√ºr ein freiwilliges verg√ºnstigtes Semesterticket, das nicht zwangsl√§ufig bezogen werden muss. Nicht jeder ben√∂tigt ein Ticket bzw. hat die M√∂glichkeit, dieses vern√ºnftig im Alltag zu verwenden und ist auf ein Auto angewiesen."
1;"Wir m√∂chten das Campusleben st√§rken und die Fachschaften tragen einen erheblichen Teil dazu bei."
1;"Die internationale Vernetzung mit anderen westlichen Demokratien, auch auf wissenschaftlicher Ebene, ist ein hohes Gut. Die UDE sollte gerade angesichts des Terrorangriffs der Hamas am 7. Oktober zur Partnerschaft mit Israel und seinen Universit√§ten stehen."
1;"Jeder kann in eine Situation kommen, in der er auf finanzielle Hilfe angewiesen ist. Das Sozialdarlehen bietet eine schnelle und unkomplizierte L√∂sung betroffenen Studenten zu helfen."
1;"Eine Abschaffung der Pr√ºfungsversuche unterst√ºtzen wir, halten eine Regulierung der Pr√ºfungsversuche in ge√§nderter Form allerdings f√ºr sinnvoll."
0;"Hybride Lehre soll gest√§rkt werden, jedoch nur als erg√§nzendes Angebot. Der Fokus soll weiterhin auf Pr√§senzlehre liegen, damit die soziale Komponente des Studiums nicht zu kurz kommt."
-1;"Gendersternchen und Gendergaps sind un√§stethisch, verwirrend und st√∂ren den Lesefluss. In offiziellen Dokumenten der Universit√§t sollte darauf verzichtet werden."
1;"Wir bedauern den Wegfall der Personen- und Fahrradmitnahme aufgrund des nicht vollst√§ndig durchdachten Deutschlandtickets. Die M√∂glichkeit, nur ein Ticket in ganz Deutschland nutzen zu k√∂nnen, m√∂chten wir jedoch grunds√§tzlich beibehalten. Allerdings setzen wir uns auch f√ºr eine Wiedereinf√ºhrung der Personen- und Fahrradmitnahme mindestens im VRR-Gebiet ein."
1;"Menstruationsprodukte sind unverzichtbare Bestandteile der pers√∂nlichen Hygiene. Die kostenlose Bereitstellung w√§re eine wichtige Unterst√ºtzungsleistung f√ºr Studentinnen"
1;"Mit dem Geld der Studenten soll sorgf√§ltig umgegangen werden. Wir setzen uns f√ºr eine Reform der Akduell ein. Aktuell entspricht die Akduell nicht der Form einer Unizeitschrift"
-1;"Der RCDS h√§lt eine Verpflichtung zu gendergerechter Sprache in wissenschaftlichen Arbeiten f√ºr eine ungerechtfertigte Einschr√§nkung der Rechte der Studenten. Jeder Student sollte selbst entscheiden ob und wie er gendert."
1;"Die Studierendenwerke haben schon lange ein Problem mit der Finanzierung. Um ihre Arbeit sicherzustellen ohne die Studenten zu belasten ist eine h√∂here finanzielle Unterst√ºtzung duch das Land notwendig."
1;"Wir setzen uns f√ºr mehr Aufhentaltspl√§tze im Freien ein. Eine Pr√ºfung geeigneter Fl√§chen f√ºr eine zus√§tzliche nachhaltige Begr√ºnung halten wir f√ºr sinnvoll."
0;"Wir setzen uns f√ºr flexiblere Fristen ein. Die generelle Abschaffung der Fristen halten wir nicht f√ºr sinnvoll bzw. m√∂glich."
1;"Ohne Inflationsausgleich w√ºrde der BAf√∂G-Satz faktisch von Jahr zu Jahr sinken. Wir stehen zur finanziellen Unterst√ºtzung der Studenten."
1;"Der Semesterbeitrag darf nicht weiter steigen. Wir setzen uns au√üerdem f√ºr Kosteneinsparungen und einen kleineren AStA ein, um den Semesterbeitrag senken zu k√∂nnen."
0;"Als RCDS unterst√ºtzen wir eine Erweiterung der √ñffnungszeiten, insbesondere eine √ñffnung der Cafeten am Wochenende. Jedoch sollte es bei einer solchen Erweiterung stets eine Kosten-Nutzen-Analyse geben."
1;"Die Hauptarbeit des AStA sollte die Vertretung der Interessen der Studierenden sein. F√ºr ideologische Politik ist dabei kein Platz."

